{"cameraMode":{"drawMode":0,"name":"Shaded","section":"Shading Mode"},"sceneLighting":true,"audioPlay":false,"sceneViewState":{"showFog":true,"showMaterialUpdate":false,"showSkybox":false,"showFlares":true,"showImageEffects":true,"showParticleSystems":true},"in2DMode":false,"pivot":{"x":-3.854285478591919,"y":-4.597700119018555,"z":2.334554672241211},"rotation":{"x":-0.4200477600097656,"y":0.007890116423368454,"z":-0.0036579850129783155,"w":-0.9074739217758179},"size":28.16583824157715,"orthographic":false}